{
  "template": "git@gitlab.com:radix-ai/packages/pure-cookiecutter",
  "commit": "44690bd156ea0c0520531a5d746d0e922b88ac29",
  "context": {
    "cookiecutter": {
      "project_name": "VXGIOQ-CFU-Counting-ML",
      "project_description": "An API and ML models to count and differentiate between different species of CFUs in petri dishes with various media.",
      "package_version": "0.0.0",
      "package_slug": "vxgioq_cfu_counting_ml",
      "package_slug_kebab": "vxgioq-cfu-counting-ml",
      "conda_env_dev": "vxgioq-cfu-counting-ml-env",
      "conda_env_run": "vxgioq-cfu-counting-ml-run-env",
      "azure_devops_project_path": "git@ssh.dev.azure.com:v3/DevOps-Vx/VXGIOQ-CFU-Counting/VXGIOQ-CFU-Counting-ML",
      "_template": "git@gitlab.com:radix-ai/packages/pure-cookiecutter"
    }
  },
  "directory": ""
}
